{
  "created_at": "2026-07-07T08:40:42.905231",
  "model_type": "IsolationForest",
  "training_strategy": "clean_only (no fraud samples during fit)",
  "optimal_threshold": 0.35000000000000003,
  "score_transform": "sigmoid(decision_function * 10)",
  "best_params": {
    "bootstrap": false,
    "contamination": 0.02250178651554684,
    "max_features": 0.8,
    "max_samples": "auto",
    "n_estimators": 200
  },
  "val_auc_pr": 0.02872526778251418,
  "test_auc_roc": 0.5710371230192075,
  "test_auc_pr": 0.027516279847380462,
  "test_f1": 0.05198159657760917,
  "test_recall": 0.5287356321839081,
  "contamination": 0.02250178651554684
}