{
  "created_at": "2026-07-07T09:42:30.640736",
  "model_type": "XGBoostClassifier (meta-learner)",
  "meta_feature_names": [
    "dnn_score",
    "isolation_forest_score",
    "siamese_score",
    "graph_carousel_score",
    "graph_cascade_score",
    "duplicate_risk_score",
    "match_score_inverted"
  ],
  "n_meta_features": 7,
  "optimal_threshold": 0.05,
  "calibration_method": "Platt scaling (LogisticRegression)",
  "best_params": {
    "n_estimators": 300,
    "max_depth": 3,
    "learning_rate": 0.2996046742568314,
    "min_child_weight": 9,
    "gamma": 0.4097488029047374,
    "subsample": 0.5018276700861226,
    "colsample_bytree": 0.5019366980508481,
    "colsample_bylevel": 0.8231606685469679,
    "reg_alpha": 1.1051073483945584,
    "reg_lambda": 2.101628726093539,
    "scale_pos_weight": 2.187210418681235,
    "max_delta_step": 5
  },
  "n_trials_optuna": 60,
  "optuna_best_auc_pr": 0.9999597744976234,
  "test_auc_roc": 0.9999992555656241,
  "test_auc_pr": 0.9999678590417146,
  "test_f1": 0.9959049959049959,
  "test_precision": 0.9934640522875817,
  "test_recall": 0.9983579638752053,
  "test_brier": 0.00010812936358422776,
  "cv_auc_mean": 0.9999993995870196,
  "cv_auc_std": 5.701455455515479e-07,
  "cv_f1_mean": 0.998161351576804,
  "cv_f1_std": 0.0003980232416671019,
  "feature_importances": {
    "dnn_score": 0.08464214950799942,
    "isolation_forest_score": 0.00033513264497742057,
    "siamese_score": 0.015944598242640495,
    "graph_carousel_score": 0.4172609746456146,
    "graph_cascade_score": 0.04241381958127022,
    "duplicate_risk_score": 0.3969573676586151,
    "match_score_inverted": 0.04244593530893326
  },
  "shap_mean_abs": {
    "dnn_score": 2.1959125995635986,
    "isolation_forest_score": 0.09082591533660889,
    "siamese_score": 0.5536331534385681,
    "graph_carousel_score": 2.6002187728881836,
    "graph_cascade_score": 2.237067937850952,
    "duplicate_risk_score": 3.1186089515686035,
    "match_score_inverted": 1.4657665491104126
  }
}